ENCFF303ZST	ENCFF109RMW	ENCFF451VCI	ENCFF957JFM	K562	DDX3X
ENCFF905BVB	ENCFF203OFV	ENCFF221UUT	ENCFF713YLH	K562	AKAP8
ENCFF132QOS	ENCFF809FCF	ENCFF686VNL	ENCFF430GWF	HepG2	SNRNP200
ENCFF534TBB	ENCFF878DOO	ENCFF784SML	ENCFF487UNM	HepG2	DNAJC2
ENCFF105KXK	ENCFF079CXW	ENCFF951AKS	ENCFF058RBW	K562	RPS10
ENCFF857RNR	ENCFF011XII	ENCFF662KLY	ENCFF356UJZ	K562	NFX1
ENCFF445CHH	ENCFF969RLT	ENCFF989TXQ	ENCFF558ZFO	HepG2	FXR1
ENCFF056ATS	ENCFF254RRV	ENCFF869IKC	ENCFF996UTY	HepG2	SART3
ENCFF833UXW	ENCFF360ASR	ENCFF869IKC	ENCFF996UTY	HepG2	APOBEC3C
ENCFF446GNQ	ENCFF554EIV	ENCFF989TXQ	ENCFF558ZFO	HepG2	AKAP1
ENCFF373WYF	ENCFF731QCQ	ENCFF686VNL	ENCFF430GWF	HepG2	NPM1
ENCFF642TXU	ENCFF222WYC	ENCFF261RLR	ENCFF834TYC	HepG2	SRSF7
ENCFF703FOH	ENCFF414ANM	ENCFF678FMA	ENCFF965KEL	K562	KHDRBS1
ENCFF687LTL	ENCFF136SOB	ENCFF574DLW	ENCFF847SRU	HepG2	PA2G4
ENCFF265DPE	ENCFF197WZP	ENCFF360OFU	ENCFF269IZJ	K562	DDX51
ENCFF594LYM	ENCFF083LTV	ENCFF989TXQ	ENCFF558ZFO	HepG2	NCBP2
ENCFF650THJ	ENCFF032BIU	ENCFF721YDQ	ENCFF471LQQ	K562	HNRNPUL1
ENCFF960NRI	ENCFF077BDV	ENCFF345DRD	ENCFF171TGT	K562	EIF4G2
ENCFF564GBC	ENCFF862YLD	ENCFF433MPP	ENCFF650KXR	HepG2	CALR
ENCFF739ZNF	ENCFF086PPM	ENCFF662KLY	ENCFF356UJZ	K562	SUB1
ENCFF979EOV	ENCFF206ASM	ENCFF812XUV	ENCFF201SIR	K562	PABPC4
ENCFF799PKF	ENCFF616IYG	ENCFF094PAZ	ENCFF699LOO	K562	HNRNPU
ENCFF888GPL	ENCFF299OPQ	ENCFF907AVE	ENCFF006QUW	K562	SF3B1
ENCFF784QKI	ENCFF143FVG	ENCFF574DLW	ENCFF847SRU	HepG2	FAM120A
ENCFF398HLD	ENCFF979PHM	ENCFF094PAZ	ENCFF699LOO	K562	HNRNPA1
ENCFF181LSI	ENCFF497PPO	ENCFF784SML	ENCFF487UNM	HepG2	HNRNPC
ENCFF953UIA	ENCFF746YKT	ENCFF250NQT	ENCFF072REC	K562	CIRBP
ENCFF298LYN	ENCFF243YSW	ENCFF261RLR	ENCFF834TYC	HepG2	TIA1
ENCFF919BHG	ENCFF843LUG	ENCFF236XCF	ENCFF901WHO	HepG2	ESF1
ENCFF857CHR	ENCFF659AIM	ENCFF892EVK	ENCFF680FLW	K562	TROVE2
ENCFF145TKU	ENCFF855TDM	ENCFF261RLR	ENCFF834TYC	HepG2	PTBP1
ENCFF451ILH	ENCFF446IVL	ENCFF250NQT	ENCFF072REC	K562	SRSF1
ENCFF661TWW	ENCFF325OHE	ENCFF451VCI	ENCFF957JFM	K562	DDX24
ENCFF727IBQ	ENCFF902WUX	ENCFF784SML	ENCFF487UNM	HepG2	DDX1
ENCFF844ZHZ	ENCFF529THE	ENCFF989TXQ	ENCFF558ZFO	HepG2	G3BP1
ENCFF687XQG	ENCFF632JQT	ENCFF544NUM	ENCFF179FFD	K562	EIF2S2
ENCFF350VIT	ENCFF375UST	ENCFF109UAW	ENCFF827AVO	K562	ESF1
ENCFF374VZI	ENCFF341NGU	ENCFF812XUV	ENCFF201SIR	K562	TBRG4
ENCFF104PAD	ENCFF589MKP	ENCFF678FMA	ENCFF965KEL	K562	DNAJC21
ENCFF874TAD	ENCFF981UXB	ENCFF930OYV	ENCFF934UWJ	HepG2	CCAR1
ENCFF454UXB	ENCFF730MBP	ENCFF812XUV	ENCFF201SIR	K562	SF3B4
ENCFF151YNB	ENCFF142LOB	ENCFF689TGX	ENCFF486RUF	K562	STIP1
ENCFF380JZX	ENCFF781BVK	ENCFF261BLR	ENCFF966QBV	HepG2	RPLP0
ENCFF489WVZ	ENCFF576QGY	ENCFF784SML	ENCFF487UNM	HepG2	SMN1
ENCFF856VSZ	ENCFF942DHD	ENCFF261RLR	ENCFF834TYC	HepG2	SRSF1
ENCFF388WQW	ENCFF398JYA	ENCFF360OFU	ENCFF269IZJ	K562	RPS19
ENCFF265FOV	ENCFF253HGR	ENCFF345DRD	ENCFF171TGT	K562	SUCLG1
ENCFF437CZI	ENCFF827TVS	ENCFF784SML	ENCFF487UNM	HepG2	ADAR
ENCFF294MIQ	ENCFF692GMY	ENCFF261BLR	ENCFF966QBV	HepG2	MARK2
ENCFF079OVB	ENCFF642MGZ	ENCFF236XCF	ENCFF901WHO	HepG2	EIF2S2
ENCFF117ZFN	ENCFF403DFM	ENCFF784SML	ENCFF487UNM	HepG2	SAFB2
ENCFF741VFO	ENCFF579RKL	ENCFF678FMA	ENCFF965KEL	K562	SLBP
ENCFF643JZF	ENCFF779IKK	ENCFF250NQT	ENCFF072REC	K562	SRSF9
ENCFF602DDZ	ENCFF997ZLP	ENCFF689TGX	ENCFF486RUF	K562	CNOT7
ENCFF127EMC	ENCFF253SZA	ENCFF236XCF	ENCFF901WHO	HepG2	FIP1L1
ENCFF070ISC	ENCFF506XFA	ENCFF261BLR	ENCFF966QBV	HepG2	GNB2L1
ENCFF758WPH	ENCFF993VQJ	ENCFF360OFU	ENCFF269IZJ	K562	EFTUD2
ENCFF572VRD	ENCFF454QYL	ENCFF566XUG	ENCFF486GXG	HepG2	DKC1
ENCFF054JEN	ENCFF392VDF	ENCFF869IKC	ENCFF996UTY	HepG2	RPS3A
ENCFF735KTG	ENCFF654RKB	ENCFF345DRD	ENCFF171TGT	K562	PUM2
ENCFF514XUK	ENCFF997AWJ	ENCFF451VCI	ENCFF957JFM	K562	DDX6
ENCFF423PGY	ENCFF666GBG	ENCFF236XCF	ENCFF901WHO	HepG2	STAU1
ENCFF541SRH	ENCFF423KRK	ENCFF689TGX	ENCFF486RUF	K562	ILF2
ENCFF395NRA	ENCFF916KJU	ENCFF689TGX	ENCFF486RUF	K562	SMN1
ENCFF782EXB	ENCFF202XMY	ENCFF250NQT	ENCFF072REC	K562	TARDBP
ENCFF096IJH	ENCFF660WGY	ENCFF360OFU	ENCFF269IZJ	K562	PRPF8
ENCFF970NBJ	ENCFF837MHH	ENCFF951AKS	ENCFF058RBW	K562	EIF3G
ENCFF365JNK	ENCFF725RWM	ENCFF989TXQ	ENCFF558ZFO	HepG2	DDX6
ENCFF301YOD	ENCFF784ZDW	ENCFF261RLR	ENCFF834TYC	HepG2	SF3B4
ENCFF719AYW	ENCFF777NOA	ENCFF812XUV	ENCFF201SIR	K562	RBM25
ENCFF200LAP	ENCFF557BIM	ENCFF109UAW	ENCFF827AVO	K562	TRIP6
ENCFF131UOO	ENCFF028ZEH	ENCFF566IXO	ENCFF394YXV	HepG2	EIF4G2
ENCFF041MUH	ENCFF535THG	ENCFF742NXL	ENCFF340UAV	HepG2	SRFBP1
ENCFF536UGZ	ENCFF869LKX	ENCFF566IXO	ENCFF394YXV	HepG2	HNRNPL
ENCFF453XAT	ENCFF402FGF	ENCFF840VCF	ENCFF306VXJ	K562	DDX47
ENCFF373UAZ	ENCFF030CEO	ENCFF678FMA	ENCFF965KEL	K562	ADAR
ENCFF406QFV	ENCFF354ESP	ENCFF971OQY	ENCFF824KJT	K562	WRN
ENCFF191GKG	ENCFF609RPE	ENCFF221UUT	ENCFF713YLH	K562	UTP18
ENCFF137KFS	ENCFF187GDS	ENCFF572NPL	ENCFF689YCR	HepG2	SRP68
ENCFF103RBD	ENCFF816XCD	ENCFF345DRD	ENCFF171TGT	K562	MSI2
ENCFF116WUD	ENCFF410NIR	ENCFF261BLR	ENCFF966QBV	HepG2	NUSAP1
ENCFF805TZL	ENCFF887SBE	ENCFF360OFU	ENCFF269IZJ	K562	EEF2
ENCFF350IPK	ENCFF045OGG	ENCFF784SML	ENCFF487UNM	HepG2	HNRNPA1
ENCFF165QIV	ENCFF576IMD	ENCFF566XUG	ENCFF486GXG	HepG2	KIF1C
ENCFF388MKH	ENCFF204XOP	ENCFF662KLY	ENCFF356UJZ	K562	GTF2F1
ENCFF644UEH	ENCFF183RCM	ENCFF345DRD	ENCFF171TGT	K562	PNPT1
ENCFF255HKE	ENCFF512NNN	ENCFF721YDQ	ENCFF471LQQ	K562	SUGP2
ENCFF361TUZ	ENCFF800CFL	ENCFF689TGX	ENCFF486RUF	K562	PABPC1
ENCFF037MOS	ENCFF948YWB	ENCFF989TXQ	ENCFF558ZFO	HepG2	ASCC1
ENCFF123DLA	ENCFF425HKM	ENCFF250NQT	ENCFF072REC	K562	NELFE
ENCFF338NPO	ENCFF466BUC	ENCFF360OFU	ENCFF269IZJ	K562	DDX28
ENCFF017QVW	ENCFF539QKE	ENCFF678FMA	ENCFF965KEL	K562	DDX1
ENCFF239VRF	ENCFF464WLH	ENCFF566IXO	ENCFF394YXV	HepG2	PUM2
ENCFF306ATN	ENCFF775CLV	ENCFF360OFU	ENCFF269IZJ	K562	RRP9
ENCFF414WJD	ENCFF210PWB	ENCFF572NPL	ENCFF689YCR	HepG2	DDX27
ENCFF964ACB	ENCFF055WUU	ENCFF689TGX	ENCFF486RUF	K562	SBDS
ENCFF535DJP	ENCFF427XIT	ENCFF566IXO	ENCFF394YXV	HepG2	DAZAP1
ENCFF115ESX	ENCFF324FKU	ENCFF109UAW	ENCFF827AVO	K562	HSPD1
ENCFF267FIW	ENCFF011DNO	ENCFF221UUT	ENCFF713YLH	K562	MBNL1
ENCFF187ZFL	ENCFF875KOM	ENCFF572NPL	ENCFF689YCR	HepG2	DDX28
ENCFF165QCF	ENCFF723KNZ	ENCFF678FMA	ENCFF965KEL	K562	CPSF7
ENCFF541ADT	ENCFF241FYW	ENCFF261BLR	ENCFF966QBV	HepG2	RBM27
ENCFF222GHR	ENCFF723CBA	ENCFF345DRD	ENCFF171TGT	K562	NOL12
ENCFF719TWR	ENCFF270FIC	ENCFF989TXQ	ENCFF558ZFO	HepG2	CIRBP
ENCFF095LCW	ENCFF361QBB	ENCFF221UUT	ENCFF713YLH	K562	ATP5C1
ENCFF175FUM	ENCFF180LMY	ENCFF662KLY	ENCFF356UJZ	K562	XRCC6
ENCFF521QBU	ENCFF868JUI	ENCFF951AKS	ENCFF058RBW	K562	SND1
ENCFF738RJJ	ENCFF551BGC	ENCFF951AKS	ENCFF058RBW	K562	SLTM
ENCFF867UDD	ENCFF734UFY	ENCFF261BLR	ENCFF966QBV	HepG2	CCAR2
ENCFF359GYZ	ENCFF471QSO	ENCFF093UUE	ENCFF870WUB	HepG2	HSPD1
ENCFF478YOR	ENCFF948KIM	ENCFF907AVE	ENCFF006QUW	K562	KRR1
ENCFF174VSW	ENCFF392GPF	ENCFF812XUV	ENCFF201SIR	K562	G3BP2
ENCFF243KYH	ENCFF632FEO	ENCFF055IEE	ENCFF823LBA	K562	UPF1
ENCFF649WUT	ENCFF624WCC	ENCFF451VCI	ENCFF957JFM	K562	ASCC1
ENCFF124CQK	ENCFF226JJS	ENCFF812XUV	ENCFF201SIR	K562	QKI
ENCFF830FCO	ENCFF863FIM	ENCFF678FMA	ENCFF965KEL	K562	EIF3A
ENCFF972TOM	ENCFF559DCV	ENCFF109UAW	ENCFF827AVO	K562	BUD13
ENCFF989WTK	ENCFF450IAK	ENCFF951AKS	ENCFF058RBW	K562	AGO1
ENCFF176YUC	ENCFF605MVJ	ENCFF678FMA	ENCFF965KEL	K562	ILF3
ENCFF348ABY	ENCFF855TVS	ENCFF566XUG	ENCFF486GXG	HepG2	CKAP4
ENCFF977IXL	ENCFF202TGW	ENCFF168UDP	ENCFF321ZFN	HepG2	UTP18
ENCFF784QPD	ENCFF711NKA	ENCFF869IKC	ENCFF996UTY	HepG2	CNOT7
ENCFF647DVY	ENCFF105XIV	ENCFF742NXL	ENCFF340UAV	HepG2	SSB
ENCFF278CGE	ENCFF219XYA	ENCFF221UUT	ENCFF713YLH	K562	DDX19B
ENCFF179AAM	ENCFF387ASY	ENCFF236XCF	ENCFF901WHO	HepG2	SUPT6H
ENCFF234KME	ENCFF268PZN	ENCFF662KLY	ENCFF356UJZ	K562	CSTF2T
ENCFF727ATR	ENCFF317YKN	ENCFF566XUG	ENCFF486GXG	HepG2	PUS1
ENCFF327HAD	ENCFF805KIS	ENCFF057JNE	ENCFF294SKR	HepG2	DDX24
ENCFF526EKZ	ENCFF641IIS	ENCFF310XPL	ENCFF301VBU	K562	TRIM56
ENCFF877TMK	ENCFF339IHF	ENCFF250NQT	ENCFF072REC	K562	IGF2BP3
ENCFF048SVW	ENCFF507VIL	ENCFF678FMA	ENCFF965KEL	K562	YBX3
ENCFF622IHD	ENCFF052RJW	ENCFF678FMA	ENCFF965KEL	K562	PARN
ENCFF292RTX	ENCFF516UIQ	ENCFF784SML	ENCFF487UNM	HepG2	HNRNPU
ENCFF359RCT	ENCFF816AOJ	ENCFF784SML	ENCFF487UNM	HepG2	TRIM56
ENCFF142UXQ	ENCFF429TWH	ENCFF360OFU	ENCFF269IZJ	K562	PA2G4
ENCFF065EST	ENCFF704VQW	ENCFF812XUV	ENCFF201SIR	K562	RECQL
ENCFF022GNJ	ENCFF430RBN	ENCFF566XUG	ENCFF486GXG	HepG2	DDX19B
ENCFF871KUU	ENCFF965RPX	ENCFF360OFU	ENCFF269IZJ	K562	SRP68
ENCFF400ARN	ENCFF002YLP	ENCFF989TXQ	ENCFF558ZFO	HepG2	EIF4B
ENCFF023KBS	ENCFF737IEW	ENCFF572NPL	ENCFF689YCR	HepG2	UPF2
ENCFF138JQO	ENCFF340ZEG	ENCFF310XPL	ENCFF301VBU	K562	PHF6
ENCFF829EPJ	ENCFF436IYL	ENCFF951AKS	ENCFF058RBW	K562	FUS
ENCFF030OLZ	ENCFF369NEZ	ENCFF742NXL	ENCFF340UAV	HepG2	RBM22
ENCFF354FHT	ENCFF819VYL	ENCFF261RLR	ENCFF834TYC	HepG2	QKI
ENCFF668TYJ	ENCFF450FFU	ENCFF055IEE	ENCFF823LBA	K562	WDR3
ENCFF146CHN	ENCFF920LNP	ENCFF678FMA	ENCFF965KEL	K562	RBFOX2
ENCFF527DFW	ENCFF825OSD	ENCFF451VCI	ENCFF957JFM	K562	AKAP1
ENCFF799ITP	ENCFF605UTR	ENCFF055IEE	ENCFF823LBA	K562	WDR43
ENCFF352HEO	ENCFF049WEE	ENCFF812XUV	ENCFF201SIR	K562	U2AF1
ENCFF801BRP	ENCFF642WPV	ENCFF869IKC	ENCFF996UTY	HepG2	SBDS
ENCFF424VAD	ENCFF867IZU	ENCFF678FMA	ENCFF965KEL	K562	DHX30
ENCFF838WJE	ENCFF986JGI	ENCFF721YDQ	ENCFF471LQQ	K562	NPM1
ENCFF450HWR	ENCFF789QEA	ENCFF572NPL	ENCFF689YCR	HepG2	XRN2
ENCFF840CJZ	ENCFF651DBC	ENCFF869IKC	ENCFF996UTY	HepG2	HNRNPAB
ENCFF182PZY	ENCFF594GKW	ENCFF236XCF	ENCFF901WHO	HepG2	NAA15
ENCFF342FMY	ENCFF982FDC	ENCFF451VCI	ENCFF957JFM	K562	NCBP2
ENCFF257FLU	ENCFF441IBI	ENCFF345DRD	ENCFF171TGT	K562	UBE2L3
ENCFF150WUU	ENCFF886MQA	ENCFF784SML	ENCFF487UNM	HepG2	ILF2
ENCFF163IXV	ENCFF172LGC	ENCFF236XCF	ENCFF901WHO	HepG2	U2AF1
ENCFF066SSG	ENCFF662JYI	ENCFF451VCI	ENCFF957JFM	K562	FUBP3
ENCFF923LZN	ENCFF677KRY	ENCFF168UDP	ENCFF321ZFN	HepG2	SF3A3
ENCFF754ESC	ENCFF365PLL	ENCFF738YFT	ENCFF293RIK	HepG2	SRSF3
ENCFF352WSU	ENCFF201LBK	ENCFF310XPL	ENCFF301VBU	K562	FKBP4
ENCFF944UDR	ENCFF526PAV	ENCFF236XCF	ENCFF901WHO	HepG2	BUD13
ENCFF112VHC	ENCFF885HMK	ENCFF907AVE	ENCFF006QUW	K562	CPSF6
ENCFF998JKT	ENCFF168QYA	ENCFF784SML	ENCFF487UNM	HepG2	DNAJC21
ENCFF993AIW	ENCFF442JOE	ENCFF686VNL	ENCFF430GWF	HepG2	RBM17
ENCFF430ISK	ENCFF355EHE	ENCFF221UUT	ENCFF713YLH	K562	RBM15
ENCFF946IIV	ENCFF796TJR	ENCFF678FMA	ENCFF965KEL	K562	CCAR1
ENCFF487JHR	ENCFF161KIE	ENCFF357IOR	ENCFF239JNY	HepG2	DDX47
ENCFF408FIB	ENCFF098ONQ	ENCFF738YFT	ENCFF293RIK	HepG2	FTO
ENCFF469IRJ	ENCFF588DQR	ENCFF310XPL	ENCFF301VBU	K562	HNRNPF
ENCFF472WGE	ENCFF157DNT	ENCFF971OQY	ENCFF824KJT	K562	AUH
ENCFF633KQS	ENCFF946XFO	ENCFF360OFU	ENCFF269IZJ	K562	GEMIN5
ENCFF802XVR	ENCFF687USH	ENCFF360OFU	ENCFF269IZJ	K562	NONO
ENCFF755KEU	ENCFF152IUL	ENCFF662KLY	ENCFF356UJZ	K562	SMNDC1
ENCFF447RFE	ENCFF326XLG	ENCFF742NXL	ENCFF340UAV	HepG2	AUH
ENCFF580UQE	ENCFF664HRD	ENCFF951AKS	ENCFF058RBW	K562	RPS3
ENCFF086XHX	ENCFF993BRZ	ENCFF190UJU	ENCFF531IMH	K562	BCLAF1
ENCFF632EIZ	ENCFF423ESU	ENCFF721YDQ	ENCFF471LQQ	K562	PABPN1
ENCFF173IMV	ENCFF814EUR	ENCFF093UUE	ENCFF870WUB	HepG2	SSRP1
ENCFF022GVT	ENCFF416BYL	ENCFF566IXO	ENCFF394YXV	HepG2	UBE2L3
ENCFF283ZEU	ENCFF510KSY	ENCFF057JNE	ENCFF294SKR	HepG2	AATF
ENCFF911EJE	ENCFF821FZB	ENCFF686VNL	ENCFF430GWF	HepG2	U2AF2
ENCFF098NLK	ENCFF635XIV	ENCFF971OQY	ENCFF824KJT	K562	ZC3H8
ENCFF593CFB	ENCFF273JPU	ENCFF784SML	ENCFF487UNM	HepG2	TIAL1
ENCFF260LWA	ENCFF054AOA	ENCFF721YDQ	ENCFF471LQQ	K562	XPO5
ENCFF168UCM	ENCFF557BRC	ENCFF055IEE	ENCFF823LBA	K562	SF3A3
ENCFF359BAT	ENCFF560RJQ	ENCFF989TXQ	ENCFF558ZFO	HepG2	PABPC4
ENCFF066VPP	ENCFF261DTU	ENCFF021BCS	ENCFF762FFH	HepG2	NUP35
ENCFF328WOU	ENCFF709PZI	ENCFF566IXO	ENCFF394YXV	HepG2	TUFM
ENCFF495CHO	ENCFF871XKQ	ENCFF250NQT	ENCFF072REC	K562	SRSF7
ENCFF005NNX	ENCFF778BWF	ENCFF572NPL	ENCFF689YCR	HepG2	RRP9
ENCFF832THG	ENCFF477MYS	ENCFF574DLW	ENCFF847SRU	HepG2	EEF2
ENCFF817RTM	ENCFF534YDS	ENCFF989TXQ	ENCFF558ZFO	HepG2	IGF2BP2
ENCFF878AAZ	ENCFF587FCY	ENCFF572NPL	ENCFF689YCR	HepG2	BCLAF1
ENCFF026VLT	ENCFF332RXE	ENCFF057JNE	ENCFF294SKR	HepG2	DDX21
ENCFF707VTW	ENCFF366TRL	ENCFF574DLW	ENCFF847SRU	HepG2	RPS19
ENCFF966FYM	ENCFF111KOR	ENCFF738YFT	ENCFF293RIK	HepG2	HNRNPLL
ENCFF644NDS	ENCFF132LJM	ENCFF360OFU	ENCFF269IZJ	K562	FAM120A
ENCFF780SYO	ENCFF246QJB	ENCFF989TXQ	ENCFF558ZFO	HepG2	MATR3
ENCFF649ZDD	ENCFF089UIK	ENCFF221UUT	ENCFF713YLH	K562	DKC1
ENCFF296FTT	ENCFF036XRE	ENCFF784SML	ENCFF487UNM	HepG2	YBX3
ENCFF333LCM	ENCFF964PAH	ENCFF566XUG	ENCFF486GXG	HepG2	PES1
ENCFF756IDB	ENCFF563CZX	ENCFF566IXO	ENCFF394YXV	HepG2	EIF4G1
ENCFF061HCZ	ENCFF223XQE	ENCFF109UAW	ENCFF827AVO	K562	FIP1L1
ENCFF493XEK	ENCFF974YWT	ENCFF566XUG	ENCFF486GXG	HepG2	ACO1
ENCFF294MHK	ENCFF100KDW	ENCFF093UUE	ENCFF870WUB	HepG2	NKRF
ENCFF180HSG	ENCFF332KZT	ENCFF221UUT	ENCFF713YLH	K562	MAK16
ENCFF846YSQ	ENCFF776IMC	ENCFF168UDP	ENCFF321ZFN	HepG2	ZNF622
ENCFF636XLW	ENCFF956LAK	ENCFF566IXO	ENCFF394YXV	HepG2	SLBP
ENCFF522TER	ENCFF011PVW	ENCFF055IEE	ENCFF823LBA	K562	SRPK2
ENCFF813ICC	ENCFF936ZPB	ENCFF250NQT	ENCFF072REC	K562	PTBP1
ENCFF759ZRY	ENCFF835ZPC	ENCFF738YFT	ENCFF293RIK	HepG2	TARDBP
ENCFF174EQN	ENCFF074WVB	ENCFF310XPL	ENCFF301VBU	K562	GRWD1
ENCFF808LWD	ENCFF519LDN	ENCFF250NQT	ENCFF072REC	K562	HNRNPK
ENCFF592LLE	ENCFF381JEG	ENCFF109UAW	ENCFF827AVO	K562	PPIG
ENCFF471JFC	ENCFF273URB	ENCFF721YDQ	ENCFF471LQQ	K562	SUPT6H
ENCFF398AQF	ENCFF084OLA	ENCFF566XUG	ENCFF486GXG	HepG2	EWSR1
ENCFF888QAR	ENCFF018TKU	ENCFF057JNE	ENCFF294SKR	HepG2	AGO1
ENCFF919WXC	ENCFF978EBP	ENCFF721YDQ	ENCFF471LQQ	K562	SFPQ
ENCFF497UDR	ENCFF576VLK	ENCFF093UUE	ENCFF870WUB	HepG2	KRR1
ENCFF644HYW	ENCFF227XAW	ENCFF250NQT	ENCFF072REC	K562	PCBP1
ENCFF308QLD	ENCFF912PRH	ENCFF451VCI	ENCFF957JFM	K562	EIF2S1
ENCFF359DJN	ENCFF809IPD	ENCFF572NPL	ENCFF689YCR	HepG2	AARS
ENCFF860MGG	ENCFF637HWL	ENCFF689TGX	ENCFF486RUF	K562	HNRNPA0
ENCFF120YNR	ENCFF365TMN	ENCFF907AVE	ENCFF006QUW	K562	FMR1
ENCFF085VCF	ENCFF805KGC	ENCFF689TGX	ENCFF486RUF	K562	PPIL4
ENCFF555CUG	ENCFF740WQM	ENCFF345DRD	ENCFF171TGT	K562	PUF60
ENCFF880KHR	ENCFF088VIN	ENCFF250NQT	ENCFF072REC	K562	RBM34
ENCFF817BSA	ENCFF935IWT	ENCFF360OFU	ENCFF269IZJ	K562	DDX52
ENCFF907ZKI	ENCFF795LDC	ENCFF250NQT	ENCFF072REC	K562	KHSRP
ENCFF259FEK	ENCFF750UGV	ENCFF721YDQ	ENCFF471LQQ	K562	SF1
ENCFF638CZN	ENCFF621OWD	ENCFF840VCF	ENCFF306VXJ	K562	HNRNPL
ENCFF085YWZ	ENCFF813CJQ	ENCFF572NPL	ENCFF689YCR	HepG2	BCCIP
ENCFF609EEV	ENCFF867UWM	ENCFF261RLR	ENCFF834TYC	HepG2	RECQL
ENCFF683CRU	ENCFF319TPH	ENCFF572NPL	ENCFF689YCR	HepG2	TFIP11
ENCFF646BUZ	ENCFF531JNY	ENCFF678FMA	ENCFF965KEL	K562	DNAJC2
ENCFF678VOG	ENCFF293OGK	ENCFF451VCI	ENCFF957JFM	K562	FXR2
ENCFF306PZW	ENCFF152DFW	ENCFF686VNL	ENCFF430GWF	HepG2	NUFIP2
ENCFF634FHL	ENCFF580AHO	ENCFF190UJU	ENCFF531IMH	K562	DDX27
ENCFF221ICX	ENCFF359NWF	ENCFF236XCF	ENCFF901WHO	HepG2	CPSF7
ENCFF793ZQF	ENCFF613CSR	ENCFF057JNE	ENCFF294SKR	HepG2	EXOSC9
ENCFF754SUW	ENCFF664KDY	ENCFF261RLR	ENCFF834TYC	HepG2	SRSF9
ENCFF228NAK	ENCFF802SDT	ENCFF738YFT	ENCFF293RIK	HepG2	DDX59
ENCFF385ZPU	ENCFF505JCB	ENCFF310XPL	ENCFF301VBU	K562	LIN28B
ENCFF276WQL	ENCFF057WEZ	ENCFF278EWB	ENCFF376SXK	HepG2	RBM15
ENCFF893IIY	ENCFF447ZJC	ENCFF310XPL	ENCFF301VBU	K562	AARS
ENCFF570NQL	ENCFF676KGP	ENCFF345DRD	ENCFF171TGT	K562	TUFM
ENCFF857NBH	ENCFF089WOL	ENCFF345DRD	ENCFF171TGT	K562	CELF1
ENCFF529FHU	ENCFF190CEG	ENCFF190UJU	ENCFF531IMH	K562	BCCIP
ENCFF781YOL	ENCFF072TOC	ENCFF951AKS	ENCFF058RBW	K562	FASTKD2
ENCFF518EYV	ENCFF322NIO	ENCFF261RLR	ENCFF834TYC	HepG2	RBM25
ENCFF512RCL	ENCFF375JLH	ENCFF236XCF	ENCFF901WHO	HepG2	ABCF1
ENCFF396JWN	ENCFF601QIC	ENCFF310XPL	ENCFF301VBU	K562	PSIP1
ENCFF669KZU	ENCFF862NET	ENCFF812XUV	ENCFF201SIR	K562	TAF15
ENCFF775UPA	ENCFF722UNY	ENCFF221UUT	ENCFF713YLH	K562	PUS1
ENCFF374SOY	ENCFF585WPZ	ENCFF093UUE	ENCFF870WUB	HepG2	PPIG
ENCFF039BLK	ENCFF149WKD	ENCFF574DLW	ENCFF847SRU	HepG2	EFTUD2
ENCFF870DWP	ENCFF787GCZ	ENCFF261BLR	ENCFF966QBV	HepG2	LARP7
ENCFF392SMI	ENCFF465UCM	ENCFF971OQY	ENCFF824KJT	K562	AQR
ENCFF362VKF	ENCFF382SWC	ENCFF721YDQ	ENCFF471LQQ	K562	DROSHA
ENCFF275QEO	ENCFF597IYH	ENCFF250NQT	ENCFF072REC	K562	IGF2BP1
ENCFF322GMR	ENCFF269GWO	ENCFF738YFT	ENCFF293RIK	HepG2	NSUN2
ENCFF504BUN	ENCFF287RFQ	ENCFF055IEE	ENCFF823LBA	K562	MTPAP
ENCFF614AMY	ENCFF476PZV	ENCFF310XPL	ENCFF301VBU	K562	HNRNPC
ENCFF745GYC	ENCFF456MAS	ENCFF566XUG	ENCFF486GXG	HepG2	HDGF
ENCFF186MWG	ENCFF305IBD	ENCFF738YFT	ENCFF293RIK	HepG2	SNRNP70
ENCFF463AMS	ENCFF174ZQQ	ENCFF261RLR	ENCFF834TYC	HepG2	PCBP1
ENCFF572OTL	ENCFF196CGJ	ENCFF989TXQ	ENCFF558ZFO	HepG2	DDX3X
ENCFF982ALW	ENCFF257YRE	ENCFF572NPL	ENCFF689YCR	HepG2	FKBP4
ENCFF806ZKL	ENCFF466PAF	ENCFF566IXO	ENCFF394YXV	HepG2	NOL12
ENCFF586WHY	ENCFF772YRQ	ENCFF686VNL	ENCFF430GWF	HepG2	SF1
ENCFF966TUI	ENCFF902KNB	ENCFF572NPL	ENCFF689YCR	HepG2	NONO
ENCFF937YLH	ENCFF064JDU	ENCFF566IXO	ENCFF394YXV	HepG2	PUF60
ENCFF433QJL	ENCFF295DHT	ENCFF250NQT	ENCFF072REC	K562	PCBP2
ENCFF249PUC	ENCFF474EDD	ENCFF574DLW	ENCFF847SRU	HepG2	PKM
ENCFF835QMS	ENCFF137CTC	ENCFF360OFU	ENCFF269IZJ	K562	EIF3D
ENCFF085OET	ENCFF830SPJ	ENCFF869IKC	ENCFF996UTY	HepG2	HNRNPD
ENCFF108BIO	ENCFF259TDR	ENCFF261BLR	ENCFF966QBV	HepG2	RPS2
ENCFF016WDI	ENCFF506AFF	ENCFF869IKC	ENCFF996UTY	HepG2	GRSF1
ENCFF183DNU	ENCFF657FCV	ENCFF738YFT	ENCFF293RIK	HepG2	CPSF6
ENCFF922PAN	ENCFF658NSQ	ENCFF360OFU	ENCFF269IZJ	K562	UCHL5
ENCFF886LVU	ENCFF652VXZ	ENCFF721YDQ	ENCFF471LQQ	K562	RBM39
ENCFF858EYL	ENCFF306MQU	ENCFF261BLR	ENCFF966QBV	HepG2	PHF6
ENCFF432SEN	ENCFF300CDS	ENCFF572NPL	ENCFF689YCR	HepG2	UCHL5
ENCFF267UFO	ENCFF706HMR	ENCFF261BLR	ENCFF966QBV	HepG2	RCC2
ENCFF139JVG	ENCFF620KGA	ENCFF907AVE	ENCFF006QUW	K562	FTO
ENCFF850ORL	ENCFF819BTX	ENCFF168UDP	ENCFF321ZFN	HepG2	UPF1
ENCFF134YSM	ENCFF596UTY	ENCFF686VNL	ENCFF430GWF	HepG2	HNRNPUL1
ENCFF438XHW	ENCFF593FFJ	ENCFF784SML	ENCFF487UNM	HepG2	HNRNPF
ENCFF622BGG	ENCFF675IKK	ENCFF250NQT	ENCFF072REC	K562	TIA1
ENCFF529SHX	ENCFF965ZBQ	ENCFF566IXO	ENCFF394YXV	HepG2	CELF1
ENCFF354LYI	ENCFF774DZT	ENCFF261BLR	ENCFF966QBV	HepG2	NIP7
ENCFF328EEN	ENCFF415NPP	ENCFF662KLY	ENCFF356UJZ	K562	SRSF4
ENCFF699CXV	ENCFF943JPB	ENCFF738YFT	ENCFF293RIK	HepG2	MTPAP
ENCFF916TOV	ENCFF059YGS	ENCFF261BLR	ENCFF966QBV	HepG2	RPL23A
ENCFF753NXB	ENCFF441NPW	ENCFF989TXQ	ENCFF558ZFO	HepG2	IGF2BP3
ENCFF680QZV	ENCFF597HYM	ENCFF869IKC	ENCFF996UTY	HepG2	RBM47
ENCFF902UDT	ENCFF990PXY	ENCFF678FMA	ENCFF965KEL	K562	EIF4G1
ENCFF924MNW	ENCFF120KHG	ENCFF236XCF	ENCFF901WHO	HepG2	ATP5C1
ENCFF633RWD	ENCFF896FWA	ENCFF662KLY	ENCFF356UJZ	K562	XRCC5
ENCFF850TNI	ENCFF330THZ	ENCFF057JNE	ENCFF294SKR	HepG2	FASTKD2
ENCFF950IVB	ENCFF092ZPJ	ENCFF360OFU	ENCFF269IZJ	K562	XRN2
ENCFF423AHV	ENCFF721QNS	ENCFF869IKC	ENCFF996UTY	HepG2	HNRNPA0
ENCFF642YMU	ENCFF494AFA	ENCFF109UAW	ENCFF827AVO	K562	ABCF1
ENCFF393OPX	ENCFF648JHO	ENCFF869IKC	ENCFF996UTY	HepG2	FASTKD1
ENCFF328RQK	ENCFF496DOM	ENCFF093UUE	ENCFF870WUB	HepG2	TBRG4
ENCFF890GSN	ENCFF760RVL	ENCFF930OYV	ENCFF934UWJ	HepG2	LARP4
ENCFF048MHS	ENCFF412QTU	ENCFF261BLR	ENCFF966QBV	HepG2	PSIP1
ENCFF463YXB	ENCFF553SKC	ENCFF345DRD	ENCFF171TGT	K562	PUM1
ENCFF950HSR	ENCFF045JYP	ENCFF989TXQ	ENCFF558ZFO	HepG2	MAGOH
ENCFF353DLI	ENCFF380WYR	ENCFF109UAW	ENCFF827AVO	K562	HNRNPM
ENCFF603XAD	ENCFF301CLR	ENCFF055IEE	ENCFF823LBA	K562	NUFIP2
ENCFF513ADH	ENCFF880UOR	ENCFF926DGG	ENCFF718LIT	HepG2	FUBP3
ENCFF343OAG	ENCFF942AVR	ENCFF686VNL	ENCFF430GWF	HepG2	RBM39
ENCFF200DJS	ENCFF217NHJ	ENCFF310XPL	ENCFF301VBU	K562	LSM11
ENCFF880HKN	ENCFF511KFD	ENCFF686VNL	ENCFF430GWF	HepG2	RBFOX2
ENCFF606DES	ENCFF997UFK	ENCFF566IXO	ENCFF394YXV	HepG2	HNRNPA2B1
ENCFF605NAW	ENCFF198QMX	ENCFF192WNC	ENCFF546CWI	K562	SAFB2
ENCFF330TDS	ENCFF616HGG	ENCFF310XPL	ENCFF301VBU	K562	LARP7
ENCFF068KMA	ENCFF413TAT	ENCFF574DLW	ENCFF847SRU	HepG2	GEMIN5
ENCFF378KFP	ENCFF780WMJ	ENCFF451VCI	ENCFF957JFM	K562	EIF4B
ENCFF938TLJ	ENCFF848KHW	ENCFF907AVE	ENCFF006QUW	K562	BOP1
ENCFF396IPD	ENCFF340UTU	ENCFF109UAW	ENCFF827AVO	K562	STAU1
ENCFF794TBV	ENCFF808FDG	ENCFF057JNE	ENCFF294SKR	HepG2	EIF3G
ENCFF386NUM	ENCFF234HPE	ENCFF869IKC	ENCFF996UTY	HepG2	XPO5
ENCFF710LUV	ENCFF654PVK	ENCFF360OFU	ENCFF269IZJ	K562	SUPV3L1
ENCFF590HAH	ENCFF188IJJ	ENCFF689TGX	ENCFF486RUF	K562	HNRNPAB
ENCFF149PGZ	ENCFF923OMI	ENCFF451VCI	ENCFF957JFM	K562	FXR1
ENCFF332XZD	ENCFF154XVC	ENCFF566IXO	ENCFF394YXV	HepG2	SRSF5
ENCFF611BJW	ENCFF402HCN	ENCFF686VNL	ENCFF430GWF	HepG2	SFPQ
ENCFF967DKY	ENCFF996QBM	ENCFF662KLY	ENCFF356UJZ	K562	PRPF6
ENCFF049JBB	ENCFF899HNR	ENCFF662KLY	ENCFF356UJZ	K562	RTF1
ENCFF831SBV	ENCFF813BGP	ENCFF869IKC	ENCFF996UTY	HepG2	KHDRBS1
ENCFF713UFE	ENCFF708DON	ENCFF574DLW	ENCFF847SRU	HepG2	EIF3D
ENCFF265RHF	ENCFF681ZLA	ENCFF689TGX	ENCFF486RUF	K562	RPS3A
ENCFF753NPG	ENCFF256ODT	ENCFF250NQT	ENCFF072REC	K562	G3BP1
ENCFF947WJB	ENCFF547XWI	ENCFF250NQT	ENCFF072REC	K562	MATR3
ENCFF277MRB	ENCFF715BTA	ENCFF721YDQ	ENCFF471LQQ	K562	HNRNPA2B1
ENCFF960MRQ	ENCFF360MMY	ENCFF840VCF	ENCFF306VXJ	K562	CPEB4
ENCFF963ZJZ	ENCFF859HYF	ENCFF566XUG	ENCFF486GXG	HepG2	AKAP8L
ENCFF980OCO	ENCFF435DYK	ENCFF045COW	ENCFF668JLY	HepG2	DDX5
ENCFF321WXT	ENCFF017QOH	ENCFF221UUT	ENCFF713YLH	K562	AKAP8L
ENCFF779RLG	ENCFF182AMB	ENCFF094PAZ	ENCFF699LOO	K562	UPF2
ENCFF704JGS	ENCFF250DLK	ENCFF566IXO	ENCFF394YXV	HepG2	SUCLG1
ENCFF408LQR	ENCFF732HGF	ENCFF662KLY	ENCFF356UJZ	K562	EXOSC9
ENCFF548MMW	ENCFF654OXL	ENCFF221UUT	ENCFF713YLH	K562	AGGF1
ENCFF281BOD	ENCFF607HVX	ENCFF310XPL	ENCFF301VBU	K562	SRFBP1
ENCFF938DQM	ENCFF866AHO	ENCFF572NPL	ENCFF689YCR	HepG2	CSTF2
ENCFF674ZQN	ENCFF171XGJ	ENCFF574DLW	ENCFF847SRU	HepG2	SERBP1
ENCFF528JRJ	ENCFF358XRX	ENCFF221UUT	ENCFF713YLH	K562	KIF1C
ENCFF558REQ	ENCFF038YUS	ENCFF784SML	ENCFF487UNM	HepG2	PARN
ENCFF206WPX	ENCFF678LZA	ENCFF055IEE	ENCFF823LBA	K562	NSUN2
ENCFF154NAH	ENCFF589TXX	ENCFF451VCI	ENCFF957JFM	K562	EWSR1
ENCFF870ZDF	ENCFF180JHK	ENCFF544NUM	ENCFF179FFD	K562	GRSF1
ENCFF434QDG	ENCFF622PET	ENCFF093UUE	ENCFF870WUB	HepG2	SUGP2
ENCFF455IHZ	ENCFF583EQH	ENCFF261BLR	ENCFF966QBV	HepG2	RPS5
ENCFF700QOG	ENCFF086UVA	ENCFF742NXL	ENCFF340UAV	HepG2	ETF1
ENCFF015MCT	ENCFF585ONI	ENCFF721YDQ	ENCFF471LQQ	K562	YTHDC2
ENCFF820FCI	ENCFF900YPJ	ENCFF721YDQ	ENCFF471LQQ	K562	PPP1R8
ENCFF585VNN	ENCFF920DBF	ENCFF250NQT	ENCFF072REC	K562	MAGOH
ENCFF021RRG	ENCFF310LTU	ENCFF989TXQ	ENCFF558ZFO	HepG2	KHSRP
ENCFF420WYN	ENCFF181DMT	ENCFF261BLR	ENCFF966QBV	HepG2	GRWD1
ENCFF586GDJ	ENCFF031QIE	ENCFF662KLY	ENCFF356UJZ	K562	ZRANB2
ENCFF069NTO	ENCFF537PSL	ENCFF784SML	ENCFF487UNM	HepG2	PPIL4
ENCFF751TAL	ENCFF402UGA	ENCFF784SML	ENCFF487UNM	HepG2	DHX30
ENCFF899ZBQ	ENCFF433BRP	ENCFF989TXQ	ENCFF558ZFO	HepG2	HNRNPK
ENCFF872MZO	ENCFF109SXS	ENCFF310XPL	ENCFF301VBU	K562	DDX55
ENCFF064LCJ	ENCFF776MXG	ENCFF989TXQ	ENCFF558ZFO	HepG2	EIF2S1
ENCFF586UQY	ENCFF393WYS	ENCFF721YDQ	ENCFF471LQQ	K562	LARP4
ENCFF608WDW	ENCFF504JGG	ENCFF869IKC	ENCFF996UTY	HepG2	STIP1
ENCFF129VXP	ENCFF439EKB	ENCFF055IEE	ENCFF823LBA	K562	GLRX3
ENCFF693XLW	ENCFF990XLG	ENCFF221UUT	ENCFF713YLH	K562	CCDC124
ENCFF875SZJ	ENCFF713XBL	ENCFF869IKC	ENCFF996UTY	HepG2	PNPT1
ENCFF502SMN	ENCFF939XZO	ENCFF261BLR	ENCFF966QBV	HepG2	LSM11
ENCFF317FFU	ENCFF488UYY	ENCFF190UJU	ENCFF531IMH	K562	CSTF2
ENCFF150PMH	ENCFF629VLO	ENCFF951AKS	ENCFF058RBW	K562	SSB
ENCFF181LXV	ENCFF855XMW	ENCFF360OFU	ENCFF269IZJ	K562	PES1
ENCFF349YJR	ENCFF465NDY	ENCFF738YFT	ENCFF293RIK	HepG2	SF3B1
ENCFF306PRN	ENCFF915LIM	ENCFF236XCF	ENCFF901WHO	HepG2	MSI2
ENCFF279NXJ	ENCFF888BGQ	ENCFF544NUM	ENCFF179FFD	K562	RBM17
ENCFF238FGA	ENCFF669XAE	ENCFF109UAW	ENCFF827AVO	K562	SSRP1
ENCFF907OGY	ENCFF041PKM	ENCFF812XUV	ENCFF201SIR	K562	RAVER1
ENCFF942VXX	ENCFF676CZA	ENCFF812XUV	ENCFF201SIR	K562	U2AF2
ENCFF116MWT	ENCFF913XXV	ENCFF566IXO	ENCFF394YXV	HepG2	FMR1
ENCFF515GHM	ENCFF835ZUT	ENCFF250NQT	ENCFF072REC	K562	SRSF5
ENCFF009FES	ENCFF166NAQ	ENCFF662KLY	ENCFF356UJZ	K562	DAZAP1
ENCFF131RNR	ENCFF876DBS	ENCFF168UDP	ENCFF321ZFN	HepG2	UTP3
ENCFF927GPT	ENCFF698UKF	ENCFF869IKC	ENCFF996UTY	HepG2	PABPC1
ENCFF365XJD	ENCFF590GLK	ENCFF360OFU	ENCFF269IZJ	K562	TFIP11
ENCFF608NGH	ENCFF653INZ	ENCFF574DLW	ENCFF847SRU	HepG2	DDX52
ENCFF334UJK	ENCFF529NFO	ENCFF057JNE	ENCFF294SKR	HepG2	CSTF2T
ENCFF120IKS	ENCFF995OUG	ENCFF250NQT	ENCFF072REC	K562	TRA2A
ENCFF712JJA	ENCFF316DRD	ENCFF310XPL	ENCFF301VBU	K562	RCC2
ENCFF579KTN	ENCFF145RMT	ENCFF360OFU	ENCFF269IZJ	K562	SERBP1
ENCFF380PZQ	ENCFF570FGE	ENCFF738YFT	ENCFF293RIK	HepG2	BOP1
ENCFF511GIN	ENCFF446IUZ	ENCFF261BLR	ENCFF966QBV	HepG2	LIN28B
ENCFF931LJA	ENCFF176KYA	ENCFF310XPL	ENCFF301VBU	K562	TIAL1
ENCFF591KID	ENCFF437BIF	ENCFF310XPL	ENCFF301VBU	K562	NUSAP1
ENCFF347KWA	ENCFF022CJU	ENCFF236XCF	ENCFF901WHO	HepG2	CEBPZ
ENCFF091TXV	ENCFF401AVH	ENCFF261RLR	ENCFF834TYC	HepG2	NELFE
ENCFF485RWH	ENCFF073SBH	ENCFF869IKC	ENCFF996UTY	HepG2	ILF3
ENCFF757KZE	ENCFF621KLR	ENCFF721YDQ	ENCFF471LQQ	K562	SNRNP200
ENCFF505MYL	ENCFF500JTJ	ENCFF221UUT	ENCFF713YLH	K562	NAA15
ENCFF478UOM	ENCFF739NFG	ENCFF989TXQ	ENCFF558ZFO	HepG2	G3BP2
ENCFF300LBV	ENCFF261TUX	ENCFF566IXO	ENCFF394YXV	HepG2	PUM1
ENCFF119ZCG	ENCFF115CEE	ENCFF574DLW	ENCFF847SRU	HepG2	TROVE2
ENCFF856EUQ	ENCFF210USC	ENCFF250NQT	ENCFF072REC	K562	RBM22
ENCFF426HXK	ENCFF532SHV	ENCFF907AVE	ENCFF006QUW	K562	METAP2
ENCFF377DNM	ENCFF739FOM	ENCFF250NQT	ENCFF072REC	K562	IGF2BP2
ENCFF923HIR	ENCFF768DTM	ENCFF689TGX	ENCFF486RUF	K562	SART3
ENCFF588VRV	ENCFF160XLT	ENCFF989TXQ	ENCFF558ZFO	HepG2	EIF4A3
ENCFF718DSO	ENCFF762NBR	ENCFF093UUE	ENCFF870WUB	HepG2	AKAP8
ENCFF488HTU	ENCFF594VBS	ENCFF662KLY	ENCFF356UJZ	K562	HLTF
ENCFF576IXB	ENCFF964BVO	ENCFF250NQT	ENCFF072REC	K562	DDX21
ENCFF315VVI	ENCFF474GBS	ENCFF451VCI	ENCFF957JFM	K562	EIF4A3
ENCFF775RQD	ENCFF544QYX	ENCFF345DRD	ENCFF171TGT	K562	APOBEC3C
ENCFF876ECR	ENCFF193SMU	ENCFF572NPL	ENCFF689YCR	HepG2	DDX55
ENCFF454PAB	ENCFF834RZF	ENCFF907AVE	ENCFF006QUW	K562	GPKOW
ENCFF861JDA	ENCFF603KNO	ENCFF738YFT	ENCFF293RIK	HepG2	GPKOW
ENCFF492MMG	ENCFF127LYW	ENCFF662KLY	ENCFF356UJZ	K562	AATF
ENCFF138WYV	ENCFF322AEP	ENCFF094PAZ	ENCFF699LOO	K562	PKM
ENCFF453ODA	ENCFF406DAE	ENCFF345DRD	ENCFF171TGT	K562	CCAR2
ENCFF619KWP	ENCFF249ZQO	ENCFF574DLW	ENCFF847SRU	HepG2	METAP2
ENCFF601DUB	ENCFF240HMJ	ENCFF236XCF	ENCFF901WHO	HepG2	HNRNPM
ENCFF082CNV	ENCFF734OAK	ENCFF572NPL	ENCFF689YCR	HepG2	SUPV3L1
ENCFF727IHN	ENCFF192LSC	ENCFF572NPL	ENCFF689YCR	HepG2	PRPF8
ENCFF777VEO	ENCFF531USK	ENCFF261RLR	ENCFF834TYC	HepG2	TAF15
